age_group;inpatient_pcr_cost;inpatient_cost;outpatient_pc_cost;outpatient_ec_cost
0-3;63.4689642529984;585.2959519;13.45;17.30
3-6;63.4689642529984;426.0104609;13.45;17.30
6-12;63.4689642529984;318.7895391;13.45;17.30
